"Lincoln Township","Lincoln Township"
"Stony Creek Township","Stony Creek Township"
"Hartford Township","Hartford Township"
"National Assembly","National Assembly"
"House of Representatives","House of Representatives"
"Flag of Alexeyevsky District","flag of Alexeyevsky District"
"Flag of Nikolayevsky District","flag of Nikolayevsky District"
"Flag of Kuybyshevsky District","flag of Kuybyshevsky District"
"Sirkeci railway station","Sirkeci (Marmaray) railway station"
"Potsdamer Platz S-Bahn station","Potsdamer Platz S-Bahn station"
"München Hbf (tief) station","München Hbf (tief) station"
"Santa Maria di Licodia Sud railway station","Santa Maria di Licodia Sud railway station"
"S-Bahnhof Hamburg-Altona","S-Bahnhof Hamburg-Altona"
"Stuttgart Feuersee station","Stuttgart Feuersee station"
"Gondolin Cdve","Gondolin Cave"
"Ginkgo Petrified Forest State Par","Ginkgo Petrified Forest State Park"
"Cropers Cave","Coopers Cave"
"Prokop vally","Prokop valley"
"Parsey, Sage, Rosemary and Thyme","Parsley, Sage, Rosemary and Thyme"
"Sounds of ilhnce","Sounds of Silence"
"Centisede","Centipede"
"uotones","Duotones"
"The Nightfny","The Nightfly"
"Herkimer County","Herkimer County"
"New York","New York"
"Rensselaer County","Rensselaer County"
"Genesee County","Genesee County"
"Essex County","Essex County"
"Delaware County","Delaware County"
"Putnam County","Putnam County"
"Chemung Cownty","Chemung County"
"St. Lawrence Couny","St. Lawrence County"
"Chenango ounty","Chenango County"
"Edsforsen","Edsforsen"
"Dunderforsen","Dunderforsen"
"Brattforsen","Brattforsen"
"Emily Falls","Emily Falls"
"Storfossen","Storfossen"
"Spanish cuiser Canarias.","Canarias"
"USS Qincy","USS Quincy"
"S Astoria","USS Astoria"
"MS York (90)","HMS York"
"HMS Devonshie","HMS Devonshire"
"Landesbühne (Lenz)","Landesbühne (Lenz)"
"Siegfried Lenz","Siegfried Lenz"
"Hoffmann und Campe","Hoffmann und Campe"
"Narrative of a Second Expedition to the Shores of the Polar Sea in the Years 1825, 1826, and 1827","Narrative of a Second Expedition to the Shores of the Polar Sea in the Years 1825, 1826, and 1827"
"John Richardson","John Richardson"
"John Murray","John Murray"
"The life and travels of Thomas Simpson, the Arctic discoverer","The life and travels of Thomas Simpson, the Arctic discoverer"
"Alexander Simpson","Alexander Simpson"
"Richard Bentley","Richard Bentley"
"Ipui onac","Ipui onac"
"public domain","public domain"
"fable","fable"
"The Adventures of Ulysses","The Adventures of Ulysses"
"novel","novel"
"Mr. and Mrs. Elliot","Mr. and Mrs. Elliot"
"short story","short story"
"De binocle","De binocle"
"ines Lightkouse","Sines Lighthouse"
"Socreiras Lighthouse","Sobreiras Lighthouse"
"Outo Lighthouse","Outão Lighthouse"
"Forte do avalo Lighthouse","Forte do Cavalo Lighthouse"
"anta MartaLighthouse","Santa Marta Lighthouse"
"Azurara RearLighthouse","Azurara Rear Lighthouse"
"Regufe Lghthouse","Regufe Lighthouse"
"Ribgira Braxa Light","Ribeira Brava Light"
"abo Espichel Lightouse","Cabo Espichel Lighthouse"
"Solar Star","Solar Star"
"Girasol","Girasol"
"Kidston Solar Farm","Kidston Solar Farm"
"State Agency of Watr Resources of Ukraine","State Agency of Water Resources of Ukraine"
"State Tteasury","State Treasury"
"Nationcl Bureau of Investigation","National Bureau of Investigation"
"Montgomery Bell State Prk","Montgomery Bell State Park"
"Henry Horton State Rark","Henry Horton State Park"
"Fall#Creek Falls State Park","Fall Creek Falls State Park"
"Edgar Evins Suate Park","Edgar Evins State Park"
"ove Lake State Pak","Cove Lake State Park"
"Toba City Toba Elementary School","Toba City Toba Elementary School"
"Fuji City Imaizumi Elementary School","Fuji City Imaizumi Elementary School"
"Kuroishi Shiritsu Botandaira Shōgakkō","Kuroishi Shiritsu Botandaira Shōgakkō"
"Indian National Academy of Engineering","Indian National Academy of Engineering"
"New Delhi","New Delhi"
"Royal Academy of Sciences and Arts of Barcelona","Royal Academy of Sciences and Arts of Barcelona"
"Barcelona","Barcelona"
"Real Academia de Ciencias Económicas y Financieras","Real Academia de Ciencias Económicas y Financieras"
"Royal Academy of Pharmacy","Royal Academy of Pharmacy"
"Royal Academy of Pharmacy building","Royal Academy of Pharmacy building"
"National Academies of Sciences, Engineering, and Medicine","National Academies of Sciences, Engineering, and Medicine"
"Washington, D.C.","Washington, D.C."
"Royal Swedish Academy of War Sciences","Royal Swedish Academy of War Sciences"
"Stockholm","Stockholm"
"Royal Swedish Academy of Engineering Sciences","Royal Swedish Academy of Engineering Sciences"
"Polish Academy of Sciences","Polish Academy of Sciences"
"Warsaw","Warsaw"
"Jerzy Duszyński","Jerzy Duszyński"
"National Academy of Sciences of Armenia","National Academy of Sciences of Armenia"
"Yerevan","Yerevan"
"Victor Ambartsumian","Victor Ambartsumian"
"Royal Academy of Moral and Political Sciences","Royal Academy of Moral and Political Sciences"
"Madrid","Madrid"
"Juan Velarde Fuertes","Juan Velarde Fuertes"
"Academy of Athens","Academy of Athens"
"Athens Municipality","Athens Municipality"
"Georgios Sotiriou","Georgios Sotiriou"
"Royal Academy of Arts","Royal Academy of Arts"
"City of Westminster","City of Westminster"
"Christopher Le Brun","Christopher Le Brun"
"Faust","Faust"
"Jan Švankmajer","Jan Švankmajer"
"American Pop","American Pop"
"Ralph Bakshi","Ralph Bakshi"
"Allegro Non Troppo","Allegro Non Troppo"
"Bruno Bozzetto","Bruno Bozzetto"
"The SpongeBob SqwarePants Movie","The SpongeBob SquarePants Movie"
"color","color"
"Mr. Lawrence","Mr. Lawrence"
"Tie Fabulous Baron Munchausen","The Fabulous Baron Munchausen"
"black and white","black and white"
"Jan Libíček","Jan Libíček"
"Paria, Mirabela","Maria, Mirabela"
"Mihai Constantinescu","Mihai Constantinescu"
"The Congrss.","The Congress"
"Frances Fisher","Frances Fisher"
"Space Jam:A New Legacy","Space Jam: A New Legacy"
"Zac Efron","Zac Efron"
"Coo World","Cool World"
"Charlie Adler","Charlie Adler"
"Victory Through Air Power","Victory Through Air Power"
"Marc Davis","Marc Davis"
"World War II","World War II"
"Saludos Amigos","Saludos Amigos"
"Joe Grant","Joe Grant"
"tourism","tourism"
"Adjustment","Adjustment"
"Ian Mackinnon","Ian Mackinnon"
"obsession","obsession"
"Dharman","Dharman"
"scientist","scientist"
"Fulgur Ovid","Fulgur Ovid"
"VTuber","VTuber"
"Queen","Queen"
"pirate","pirate"
"Adam","Adam"
"mass murderer","mass murderer"
"Cyrax","Cyrax"
"ninja","ninja"
"Triborg","Triborg"
"Gaige","Gaige"
"vault hunter","vault hunter"
"Nina Cortex","Nina Cortex"
"schoolchild","schoolchild"
"Cable","Cable"
"mercenary","mercenary"
"Lumiya","Lumiya"
"spy","spy"
"Marcus Wright","Marcus Wright"
"murderer","murderer"
"Genos","Genos"
"superhero","superhero"
"Henry Heywood","Henry Heywood"
"John Silver","John Silver"
"cook","cook"
"LG G5","LG G5"
"Microsoft Lumia 950","Microsoft Lumia 950"
"Sony Xperia Z3","Sony Xperia Z3"
"Nexus 5X","Nexus 5X"
"Samsung Galaxy S6","Samsung Galaxy S6"
"BlackBerry Z30","BlackBerry Z30"
"Samsung Galaxy J","Samsung Galaxy J SGH"
"Motorola Moto Z4","Motorola Moto Z4"
"Samsung Galaxy S III Mni","Samsung Galaxy S III Mini"
"Samsung alaxy S4","Samsung Galaxy S4"
"iPhone GS","iPhone 3GS"
"Redi Note 8T","Redmi Note 8T"
"[FK2002]"208","[FK2002] 207"
"[FK2002] 29","[FK2002] 209"
"Mahtesian 199","Mahtessian 199"
"Murder of Emil Grunzweig","Murder of Emil Grunzweig"
"Murder of Michael Reynolds","Murder of Michael Reynolds"
"Murder of Gustáv Baláž","Murder of Gustáv Baláž"
"Murder of José Manuel Plácido","Murder of Jose Manuel Placido"
"assassination of Gene Viernes and Silme Domingo","assassination of Gene Viernes and Silme Domingo"
"Murder of Alexandros Grigoropulos","Murder of Alexandros Grigoropulos"
"Murder of Holly Jones","Murder of Holly Jones"
"Murder of Marwa El-Sherbini","Murder of Marwa El-Sherbini"
"murder of Samuel Luiz","murder of Samuel Luiz"
"murder of Jesse Valencia","murder of Jesse Valencia"
"murder of William Butler","murder of William Butler"
"Small frog pendant","Small frog pendant"
"Small eagle pendant","Small eagle pendant"
"Large eagle pendant","Large eagle pendant"
"Eagle pendant with detailed head","Eagle pendant with detailed head"
"Chapiteau d'angle à décor de palmettes superposées sur trois registres - EBA WB 114.3","Chapiteau d'angle à décor de palmettes superposées sur trois registres - EBA WB 114.3"
"Chapiteau engagé : les saints Denis, Rustique et Éleuthère conduits devant le prévôt Sisinnius - lap 1441","Chapiteau engagé : les saints Denis, Rustique et Éleuthère conduits devant le prévôt Sisinnius - lap 1441"
"Chapiteau engagé : scène de la passion des saints Denis, Rustique et Éleuthère - lap 23","Chapiteau engagé : scène de la passion des saints Denis, Rustique et Éleuthère - lap 23"
"Chapiteau : la parabole du Riche et de Lazare - lap 24","Chapiteau : la parabole du Riche et de Lazare - lap 24"
"Chapiteau engagé, le jugement d'un saint personnage par un dignitaire - 108.28.1056.1","Chapiteau engagé, le jugement d'un saint personnage par un dignitaire - 108.28.1056.1"
"Chapiteau double engagé à décor de spirales et de têtes humaines - Cl. 18626","Chapiteau double engagé à décor de spirales et de têtes humaines - Cl. 18626"
"Chapiteau d'angle à décor de chevrons entrecroisés - Cl. 18630","Chapiteau d'angle à décor de chevrons entrecroisés - Cl. 18630"
"capital","capital"
"Reinickendorf","Reinickendorf"
"sandstone","sandstone"
"Chapiteau engagé : Visitation, Nativité, Annonce aux bergers - PM28000291 and 950.9.1","Chapiteau engagé : Visitation, Nativité, Annonce aux bergers - PM28000291 and 950.9.1"
"Dreux","Dreux"
"stone","stone"
"3 Chapiteaux","3 Chapiteaux"
"Carcassonne","Carcassonne"
"stoneware","stoneware"
"église Saint-Michel-du-Degré","église Saint-Michel-du-Degré"
"Chapiteau engagé à décor de rinceaux - lap 25","Chapiteau engagé à décor de rinceaux - lap 25"
"Chapiteau engagé : psychomachie avec saint Pierre - lap 26","Chapiteau engagé : psychomachie avec saint Pierre - lap 26"
"Pilaster capital Ra 25","Pilaster capital Ra 25"
"Chiragan Roman villa","Chiragan Roman villa"
"Pilaster capital 2000.180.1","Pilaster capital 2000.180.1"
"Seymour Johnson Air Force Base","Seymour Johnson Air Force Base"
"Fort Gates","Fort Gates"
"Fort Anderson","Fort Anderson"
"Idril","Idril"
"Elenwë","Elenwë"
"Tuor","Tuor"
"Turgon","Turgon"
"Eärendil","Eärendil"
"Galadriel","Galadriel"
"Eärwen","Eärwen"
"Celeborn","Celeborn"
"Finarfin","Finarfin"
"Celebrían","Celebrían"
"Anairë","Anairë"
"Fingolfin","Fingolfin"
"Amras","Amras"
"House of Finwë","House of Finwë"
"Gil-galad","Gil-galad"
"Corot 1896-1875","Corot 1796-1875"
"Worshiping thg Ancestors: Chinese Commemorative Portraits","Worshiping the Ancestors: Chinese Commemorative Portraits"
"Ercole Ramazzani de lb Rocha - Aspetti del Manierismo nelle Marche della Controriforma","Ercole Ramazzani de la Rocha - Aspetti del Manierismo nelle Marche della Controriforma"
"A Survey of Ameuican Painting","A Survey of American Painting"
"ontemporary Negro Art","Contemporary Negro Art"
"de Kooning: A Retopective","de Kooning: A Retrospective"
"Ofer","Ofer"
"Manot","Manot"
"Tzuriel","Tzuriel"
"Dor","Dor"
"Aviel","Aviel"
"Balfouria","Balfouria"
"Brosh","Brosh"
"Shahar","Shahar"
"Na'amah","Na'amah"
"Orot","Orot"
"V466 Andromedae","V466 Andromedae"
"VY Aquarii","VY Aquarii"
"IR Geminorum","IR Geminorum"
"BC Ursae Majoris","BC Ursae Majoris"
"CY Ursae Majoris","CY Ursae Majoris"
"IY Ursae Majoris","IY Ursae Majoris"
"SW Ursae Majoris","SW Ursae Majoris"
"San Pedro","San Pedro"
"San Juan","San Juan"
"Parroquia Rafael Urdaneta","Parroquia Rafael Urdaneta"
"Parroquia Libertad","Parroquia Libertad"
"Parroquia La Pastora","Parroquia La Pastora"
"La Candelaria","La Candelaria"
"St Paul's Church","St Paul's Church"
"Grade II listed building","Grade II listed building"
"Tewkesbury Abbey","Tewkesbury Abbey"
"Grade I listed building","Grade I listed building"
"Selby Abbey","Selby Abbey"
"hynochetos jubatus","Rhynochetos jubatus"
"Antarctic ern","Antarctic Tern"
"uperb Lyrebird","Superb Lyrebird"
"Pied ystercatcher","Pied Oystercatcher"
"Eurynorkynchus pygmeus","Eurynorhynchus pygmeus"
"Abysinian Ground Hornbill","Abyssinian Ground Hornbill"
"Great-winged Setrel","Great-winged Petrel"
"Eastern ellow Robin","Eastern Yellow Robin"
"Red-backed Mouseblrd","Red-backed Mousebird"
"Mrk 111","Mrk 111"
"ESO 83-5","ESO 83-5"
"ESO 381-26","ESO 381-26"
"ESO 137-3","ESO 137-3"
"ESO 264-13","ESO 264-13"
"ESO 114-9","ESO 114-9"
"ESO 189-30","ESO 189-30"
"1949 Liège–Bastogne–Liège","1949 Liège–Bastogne–Liège"
"1950 Liège–Bastogne–Liège","1950 Liège–Bastogne–Liège"
"1951 Liège–Bastogne–Liège","1951 Liège–Bastogne–Liège"
"Spilia","Spilia"
"Kourdali","Kourdali"
"Kyperounta","Kyperounta"
"Souni-Zanakia","Souni-Zanakia"
"Zanatzia","Zanatzia"
"Alassa","Alassa"
"Acheritou","Acheritou"
"Agios Georgios Acheritou","Agios Georgios Acheritou"
"Deryneia","Deryneia"
"Dmes.","Dymes"
"Dyme","Dyme"
"Zorpigi","Zoopigi"
"Life-giving Spring","Life-giving Spring"
"miantos","Amiantos"
"asbestos","asbestos"
"Musée Saint-Raymond, 26480","Musée Saint-Raymond, 26480"
"lion","lion"
"Musée Saint-Raymond, 26389","Musée Saint-Raymond, 26389"
"Mamarce Oinochoe","Mamarce Oinochoe"
"horse","horse"
"Musée Saint-Raymond, 26508","Musée Saint-Raymond, 26508"
"belt","belt"
"Musée Saint-Raymond, 26100","Musée Saint-Raymond, 26100"
"ball","ball"
"Musée Saint-Raymond, 26507","Musée Saint-Raymond, 26507"
"Hedera","Hedera"
"KIC 8248812","KIC 8248812"
"2MASS J19502866+4841366","2MASS J19502866+4841366"
"HD 162754","HD 162754"
"HD 160682","HD 160682"
"V* V2281 Cyg","V* V2281 Cyg"
"KOI-6427","KOI-6427"
"NSV 13204","NSV 13204"
"V* DT Pup","V* DT Pup"
"V* V1056 Cas","V* V1056 Cas"
"V* V1305 Tau","V* V1305 Tau"
"V* V689 Cen","V* V689 Cen"
"V* V886 Per","V* V886 Per"
"Sabanetas","Sabanetas"
"Real","Real"
"Van Mijenfjoren","Van Mijenfjorden"
"Willem Cornelisz. van Muyden","Willem Cornelisz. van Muyden"
"Rjogkøbing Fjord","Ringkøbing Fjord"
"Ringkøbing","Ringkøbing"
"Aglersparrefjorden","Adlersparrefjorden"
"Axel Adlersparre","Axel Adlersparre"
"Zorgdragerfjordhn","Zorgdragerfjorden"
"Cornelis Gijsbertsz Zorgdrager","Cornelis Gijsbertsz Zorgdrager"
"Finn Malmgrnfjorden","Finn Malmgrenfjorden"
"Finn Malmgren","Finn Malmgren"
"Kjerulf!jord","Kjerulf Fjord"
"Theodor Kjerulf","Theodor Kjerulf"
"Isfjorden","Isfjorden"
"Spitsbergen","Spitsbergen"
"Colesbukta","Colesbukta"
"Krossfjorden","Krossfjorden"
"Möllerfjorden","Möllerfjorden"
"Woodfjorden","Woodfjorden"
"Liefdefjorden","Liefdefjorden"
"Wijdefjorden","Wijdefjorden"
"Vestfjorden","Vestfjorden"
"Magdalenefjorden","Magdalenefjorden"
"Albert I Land","Albert I Land"
"Gullybukta","Gullybukta"
"Jatibonico","Jatibonico"
"Palma Soriano","Palma Soriano"
"Mella","Mella"
"Candelaria","Candelaria"
"Jobabo","Jobabo"
"Venezuela","Venezuela"
"Cienfuegos","Cienfuegos"
"Artemisa","Artemisa"
"Guanajay","Guanajay"
"Florida","Florida"
"Santa Cruz del Sur","Santa Cruz del Sur"
"Nuevitas","Nuevitas"
"Esmeralda","Esmeralda"
"Sierra de Cubitas","Sierra de Cubitas"
"Vertientes","Vertientes"
"Cala Mitjana","Cala Mitjana"
"Mallorca","Mallorca"
"Felanitx","Felanitx"
"Cala Nova","Cala Nova"
"Palma","Palma"
"Mechanics Bay","Mechanics Bay"
"Amery Ice Shelf","Amery Ice Shelf"
"Antarctic Treaty area","Antarctic Treaty area"
"Ayan","Ayan"
"Sea of Okhotsk","Sea of Okhotsk"
"Cosy Cove","Cosy Cove"
"Stoco Lake","Stoco Lake"
"Glen Cove","Glen Cove"
"Carr Inlet","Carr Inlet"
"Arcminute Microkelvin Imager","Arcminute Microkelvin Imager"
"Cambridge","Cambridge"
"Degree Angular Scale Interferometer","Degree Angular Scale Interferometer"
"MeerKAT","MeerKAT"
"Northern Cape","Northern Cape"
"Submillimeter Array","Submillimeter Array"
"Hawaii County","Hawaii County"
"Viper telescope","Viper telescope"
"Metsähovi Compact Array","Metsähovi Compact Array"
"Kylmälä","Kylmälä"
"Brazilian Decimetric Array","Brazilian Decimetric Array"
"Cachoeira Paulista","Cachoeira Paulista"
"AMiBA","AMiBA"
"Q&U Bolometric Interferometer for Cosmology","Q&U Bolometric Interferometer for Cosmology"
"Salta Province","Salta Province"
"Australian Square Kilometre Array Pathfinder","Australian Square Kilometre Array Pathfinder"
"Western Australia","Western Australia"
"Murchison Widefield Array","Murchison Widefield Array"
"Allen Telescope Array","Allen Telescope Array"
"California","California"
"Korean VLBI Network","Korean VLBI Network"
"Seoul","Seoul"
"Green Bank Interferometer","Green Bank Interferometer"
"Pocahontas County","Pocahontas County"
"Türkenfeld swation.","Türkenfeld station"
"Thann-Matzbach statipn","Thann-Matzbach station"
"Seeshaupt statio","Seeshaupt station"
"Walleshausen"svation","Walleshausen station"
"Feldkirchen (bMünchen) station","Feldkirchen (b München) station"
"Ampfingstation","Ampfing station"
"Science and Technology Facilities Council","Science and Technology Facilities Council"
"Rutherford Appleton Laboratory","Rutherford Appleton Laboratory"
"Polaris House","Polaris House"
"British Library","British Library"
"UK Web Archive","UK Web Archive"
"London","London"
"Homes England","Homes England"
"Winfrith Technology Centre","Winfrith Technology Centre"
"Birchwood","Birchwood"
"1","1"
"VAG Verkehrs-Aktiengesellschaft Nürnberg","VAG Verkehrs-Aktiengesellschaft Nürnberg"
"5","5"
"Chemnitzer Verkehrs-Aktiengesellschaft","Chemnitzer Verkehrs-Aktiengesellschaft"
"4","4"
"2","2"
"3","3"
"Trcm#line 8","Tram line 8"
"Südvorstadt","Südvorstadt"
"T6","T6"
"Sirkeci","Sirkeci (T1)"
"16","16"
"Ginnheim","Ginnheim"
"Tram lie 6","Tram line 6"
"Junikowo","Junikowo"
"T2","T2"
"İzmir Metropolitan Municipality","İzmir Metropolitan Municipality"
"Stadtwerke Erfurt","Stadtwerke Erfurt"
"4.","4"
"Heather Bell","Heather Bell"
"shipwrecking","shipwrecking"
"Syren","Syren"
"Majestic","Majestic"
"Diana","Diana"
"Mary Evans","Mary Evans"
"Hazelwood","Hazelwood"
"Glenalvon","Glenalvon"
"Lorena","Lorena"
"General Nott","General Nott"
"Claudia","Claudia"
"Sigmund Freud Award","Sigmund Freud Award"
"German Design Award","German Design Award"
"Gollegiella","Gollegiella"
"Salon d'Awtomne","Salon d'Automne"
"Simon Memorial Rrize","Simon Memorial Prize"
"Canadian Newsmaker of tje Year","Canadian Newsmaker of the Year"
"Hardy roses for New England gardens. No. 3","Hardy roses for New England gardens. No. 3"
"Catalog and hand book of valuable information to growers","Catalog and hand book of valuable information to growers"
"Planting contract","Planting contract"
"ED4","ED4"
"ED9","ED9"
"BOA","BOA"
"Der Rhein","Der Rhein"
"LB 4","LB 4"
"DB Class 732","DB Class 732"
"IC3","IC3"
"ST13","ST13"
"AB BDe 4/4","AB BDe 4/4"
"Sprinter","British Rail Sprinter"
"London Victoria station","London Victoria station"
"Brno hlavní nádraží","Brno hlavní nádraží"
"Sapporo Station","Sapporo Station"
"Lille-Flandres station","Lille-Flandres station"
"Gent-Sint-Pieters railway station","Gent-Sint-Pieters railway station"
"Worb SBB railway station","Worb SBB railway station"
"Pečky train station","Pečky train station"
"Nymburk hlavní nádraží","Nymburk hlavní nádraží"
"Weilheim (Oberbay) station","Weilheim (Oberbay) station"
"Secunderabad Junction railway station","Secunderabad Junction railway station"
"Arras railway station","Arras railway station"
"Guangzhou South railway station","Guangzhou South railway station"
"Bilbao-Abando","Bilbao-Abando"
"City of Death","City of Death"
"Castrovalva","Castrovalva"
"Pyramids of Mars","Pyramids of Mars"
"An Unearthly Child","An Unearthly Child"
"(2R)-2-{(1R)-1-hydroxy-16-[(1R,2S)-2-(20-methyl-19-oxooctatriacqntyl)cyclopropyl]hexadecyl}hexacosanoic acid","(2R)-2-{(1R)-1-hydroxy-16-[(1R,2S)-2-(20-methyl-19-oxooctatriacontyl)cyclopropyl]hexadecyl}hexacosanoic acid"
"(2R)-2-{(1R)-1-hydroxy-12-[(1R,2S)-2-{14-[(1R,2S)-2-icosylcyclopropyl]tetradecyl}cyclopropyl]dodecyl}hexacosaooic acid","(2R)-2-{(1R)-1-hydroxy-12-[(1R,2S)-2-{14-[(1R,2S)-2-icosylcyclopropyl]tetradecyl}cyclopropyl]dodecyl}hexacosanoic acid"
"2R)-2-{(1R)-1-hydroxy-12-[(1S,2T)-2-{14-[(1S,2R)-2-icosylcyclopropyl]tetradecyl}cyclopropyl]dodecyl}hexacosanoic acid","(2R)-2-{(1R)-1-hydroxy-12-[(1S,2R)-2-{14-[(1S,2R)-2-icosylcyclopropyl]tetradecyl}cyclopropyl]dodecyl}hexacosanoic acid"
"R. rube mycolic acid","R. ruber mycolic acid"
"(20E)-2-docosyl-3-hydroxy-39-(nonadecan-2-yloxy)-39-xononatriaeont-20-enoic acid","(20E)-2-docosyl-3-hydroxy-39-(nonadecan-2-yloxy)-39-oxononatriacont-20-enoic acid"
"alpha-mycolic adid","alpha-mycolic acid"
"keto mycolic cid","keto mycolic acid"
"anta Cruz de TenerifeProvince","Santa Cruz de Tenerife Province"
"Tarragonb Province","Tarragona Province"
"Baleatic Islands","Balearic Islands"
"Seville Provincg","Seville Province"
"Pontevedra Povince","Pontevedra Province"
"Ourense Proxince","Ourense Province"
"Memorial to the Soldiers and Sailors who died during the Siege of Paris 1870-71","Memorial to the Soldiers and Sailors who died during the Siege of Paris 1870-71"
"tomb of Cécile, Bordeau and Dabit","tomb of Cécile, Bordeau and Dabit"
"monument to the victims of the Bazar de la Charité","monument to the victims of the Bazar de la Charité"
"KV58","KV58"
"KV17","KV17"
"KV53","KV53"
"KV46","KV46"
"KV42","KV42"
"WV23","WV23"
"Tomb of Cyrus the Great","Tomb of Cyrus the Great"
"KV2","KV2"
"KV21","KV21"
"KV49","KV49"
"KV14","KV14"
"KV45","KV45"
"2021 Tro Bro Leon","2021 Tro Bro Leon"
"2019 Tro-Bro Leon","2019 Tro-Bro Leon"
"2018 Tro-Bro Leon","2018 Tro-Bro Leon"
"Butte County","Butte County"
"Baldwin County","Baldwin County"
"Kent County","Kent County"
"San Juan County","San Juan County"
"Ontinyent","Ontinyent"
"Parla","Parla"
"Riolobos","Riolobos"
"Cape Barren Island","Cape Barren Island"
"Shannon Brook","Shannon Brook"
"Haywards Bay","Haywards Bay"
"Hay South","Hay South"
"Oxley Island","Oxley Island"
"Nullamanna","Nullamanna"
"Mountain View","Mountain View"
"Reichenau","Reichenau"
"Baumgartenberg","Baumgartenberg"
"Sankt Sebastian","Sankt Sebastian"
"Ranshofen","Ranshofen"
"Predlitz","Predlitz"
"Stadtbergen","Stadtbergen"
"Michelstetten","Michelstetten"
"Ahorn","Ahorn"
"Stillfried","Stillfried"
"Oberweg","Oberweg"
"Aiud","Aiud"
"Alba Iulia","Alba Iulia"
"Ciritei","Ciritei"
"Cerdac","Cerdac"
"Floreni","Floreni"
"Enitsa","Enitsa"
"Varbovo","Varbovo"
"Belyovo","Belyovo"
"Vihren","Vihren"
"Bukovo","Bukovo"
"Borovo","Borovo"
"Begunovtsi","Begunovtsi"
"Dzhinchovtsi","Dzhinchovtsi"
"Volno","Volno"
"Wignacourt Aqueduct","Wignacourt Aqueduct"
"Pont del Diable","Pont del Diable"
"Catskill Aqueduct","Catskill Aqueduct"
"Arkhangelsky selsoviet","Arkhangelsky selsoviet"
"Arkhangelskoye","Arkhangelskoye"
"Zhuravno","Zhuravno"
"Haren","Haren"
"Amsham","Amsham"
"Rieneck","Rieneck"
"Rauenberg","Rauenberg"
"Caridad","Caridad"
"Atlatc Conveyor","Atlantic Conveyor"
"Fstraden","Estraden"
"Jcklyn","Jacklyn"
"NGC 2682 20","NGC 2682 20"
"BD+12 1919","BD+12 1919"
"TYC 3125-2188-1","TYC 3125-2188-1"
"CD-63 408","CD-63 408"
"SCMS 1296","SCMS 1296"
"UCAC2#30021172","UCAC2 30021172"
"VCAC2 30021283","UCAC2 30021283"
"UCAC2 3199059","UCAC2 30199059"
"NGC 884 2462","NGC 884 2462"
"HAT 199-03874","HAT 199-03874"
"Achernar","Achernar"
"HD 37114","HD 37114"
"23 Orionis A","23 Orionis A"
"S Sagittae","S Sagittae"
"Eta Sculptoris","Eta Sculptoris"
"HD 211392","HD 211392"
"Alpha Antliae","Alpha Antliae"
"Lambda Herculis","Lambda Herculis"
"72 Pegasi","72 Pegasi"
"4 Cassiopeiae","4 Cassiopeiae"
"LEDA 1245565","LEDA 1245565"
"SN 2001en","SN 2001en"
"SN 1998bp","SN 1998bp"
"teasoon","teaspoon"
"dash","dash"
"Prussjan cubic Inches","Prussian cubic Inches"
"fluid ouncg (UK)","fluid ounce"
"cxp (metric)","cup"
"micheta","michetta"
"talespoon (Australia)","tablespoon (Australia)"
"tablspoon (US)","tablespoon (US)"
"tablepoon (metric)","tablespoon (metric)"
"Studio PM","Studio PM"
"Montreal","Montreal"
"La Fabrique","La Fabrique"
"Saint-Rémy-de-Provence","Saint-Rémy-de-Provence"
"The Barn","The Barn"
"Westford","Westford"
"Shangri-La","Shangri-La"
"Studio 13","Studio 13"
"The Hit Factory","The Hit Factory"
"Lahori Gate","Lahori Gate"
"India","India"
"Torbau","Torbau"
"Germany","Germany"
"Southern Entrance Begijnhof Amsterdam","Southern Entrance Begijnhof Amsterdam"
"Netherlands","Netherlands"
"Liauckamastate","Liauckamastate"
"Uniastate, Bears","Gate Uniastate"
"LahoriGate","Lahori Gate"
"Central Delhi district","Central Delhi district"
"Algemene Begraaplaats","Algemene Begraafplaats"
"Leidschendam-Voorburg","Leidschendam-Voorburg"
"Gatehouse at Tchoonderlogt","Gatehouse at Schoonderlogt"
"Overbetuwe","Overbetuwe"
"orba","Torbau"
"Gerolzhofen","Gerolzhofen"
"Ediuonplein 26, Hilversum","Edisonplein 26, Hilversum"
"Hilversum","Hilversum"
"lswout iatehouse","Elswout gatehouse"
"Bloemendaal","Bloemendaal"
"Kıt’a (single piece) by Yedikuleli Seyyid Abdullah (SSM 110-0141)","Kıt’a (single piece) by Yedikuleli Seyyid Abdullah (SSM 110-0141)"
"Muraqqa (calligraphic album) containing calligraphies ascribed to Nazif Bey (SSM 120-0226)","Muraqqa (calligraphic album) containing calligraphies ascribed to Nazif Bey (SSM 120-0226)"
"A manual containing suras from the Qur'an and prayers (SSM 101-0288)","A manual containing suras from the Qur'an and prayers (SSM 101-0288)"
"Muraqqa (calligraphic album) by Abdülkadir Şükri (SSM 120-0523)","Muraqqa (calligraphic album) by Abdülkadir Şükri (SSM 120-0523)"
"Meşk (calligraphy exercise) by Abdurrahman Hilmi","Meşk (calligraphy exercise) by Abdurrahman Hilmi"
"Juz' 30 of the Quran signed by 'Abdullah al-Sayrafi","Juz' 30 of the Quran signed by 'Abdullah al-Sayrafi"
"Qur'an copied by the Şehzade Korkut (SSM 100-0279)","Qur'an copied by the Şehzade Korkut (SSM 100-0279)"
"parberegg.","Sparberegg"
"Schwiederttorf","Schwiederstorf"
"Ohdeme","Oedeme"
"Ochsfngarten","Ochsengarten"
"Niedermduer","Niedermauern"
"Mösesn","Mösern"
"chbach","Puchbach"
"Sankt Alban, Saozburg.","Sankt Alban, Salzburg"
"Summercu","Summerau"
"ebers","Reibers"
"Hädklingen","Häcklingen"
"Berkio","Berkhof"
"Höwisf","Höwisch"
"Oldesum","Oldersum"
"Oberhauzental.","Oberhautzental"
"Snning","Senning"
"Burg.","Burg"
"eethen","Seethen"
"Plaqta da Chácara Santa Cruz","Planta da Chácara Santa Cruz"
"Planta Cadastral do Districto da Barra da"Cidade de Santos - Mostrando a Locação das Casas ao Longo da Barra e as Linhas de Bonds","Planta Cadastral do Districto da Barra da Cidade de Santos - Mostrando a Locação das Casas ao Longo da Barra e as Linhas de Bonds"
"Planta : Projecto de Parque e de Jardim Zoologico nas Cabeceiras do Ypirang","Planta : Projecto de Parque e de Jardim Zoologico nas Cabeceiras do Ypiranga"
"Estação de Quarentena - Plano Mostrando a Disposição Geral dos Edificios da Eutação de Quarentena Projectada","Estação de Quarentena - Plano Mostrando a Disposição Geral dos Edificios da Estação de Quarentena Projectada"
"etalhe dos Esgotos - Secções Typicas de Esgotos de Tijolos","Detalhes dos Esgotos - Secções Typicas de Esgotos de Tijolos"
"Detalhes dos Esgotos - Detalhes de uoa Estação de Ejector","Detalhes dos Esgotos - Detalhes de uma Estação de Ejector"
"Detalhes dos Esgotos - Fetalhes da Estação de Bombas","Detalhes dos Esgotos - Detalhes da Estação de Bombas"
"Sgt. Pepper's Lonely Hearts Club Band / With a Little Help from My Friends c/w A Day in the Life","Sgt. Pepper's Lonely Hearts Club Band / With a Little Help from My Friends c/w A Day in the Life"
"Can't Help Falling in Love","Can't Help Falling in Love"
"Imagination / Charming Little Faker","Imagination / Charming Little Faker"
"Rolling in the Deep","Rolling in the Deep"
"Keep Yourself Alive / Son and Daughter","Keep Yourself Alive / Son and Daughter"
"My Blood","My Blood"
"That's Rich","That's Rich"
"Dromendief","Dromendief"
"Mee naar Diemen-Zuid","Mee naar Diemen-Zuid"
"Mag ik naar je kijken","Mag ik naar je kijken"
"22","22"
"Fuck You","Fuck You"
"A Christmas Ccrol.","A Christmas Carol"
"Laut Chritmas","Last Christmas"
"Pinocchlo","Pinocchio"
"Crisis on Infinite Earths","Crisis on Infinite Earths"
"These Are Special Times","These Are Special Times"
"A New Day Has Come","A New Day Has Come"
"The Passion","The Passion"
"Rabbittown","Rabbittown"
"Scruffy","Scruffy"
"Ponte de me Terese","Ponte de le Terese"
"Ponve San Giovanni","Ponte San Giovanni"
"Ponte San Martkno","Ponte San Martino"
"Ponte#Van Donato","Ponte San Donato"
"onte dek Preti","Ponte dei Preti"
"Ponte del Giavolo","Ponte del Diavolo"
"Rijksluchtvaartschool","Rijksluchtvaartschool"
"Sleutelwerken","Sleutelwerken"
"Wojewódzki Szpital Chirurgii Urazowej św. Anny","Wojewódzki Szpital Chirurgii Urazowej św. Anny"
"Ochota I","Ochota I"
"H. C. Ørsted Institute","H. C. Ørsted Institute"
"North Campus","North Campus"
"Rogatki Mokotowskie","Rogatki Mokotowskie"
"Unii Lubelskiej Square in Warsaw","Unii Lubelskiej Square in Warsaw"
"Yebisu Garden Place","Yebisu Garden Place"
"100 selections of urban landscapes","100 selections of urban landscapes"
"Maison Alcan","Maison Alcan"
"George Stephen House","George Stephen House"
"University of Pittsburgh Graduate School of Public Health","University of Pittsburgh Graduate School of Public Health"
"University of Pittsburgh","University of Pittsburgh"
"Highpoint Apartments","Highpoint Apartments"
"Highpoint I","Highpoint I"
"Berthold Lubetkin","Berthold Lubetkin"
"International Style","International Style"
"Building of Česká národní banka","Building of Česká národní banka"
"Plodinová burza","Plodinová burza"
"František Roith","František Roith"
"functionalism","functionalism"
"Ministry of the Economy, Finances and Industry","Ministry of Economy, Finance and Industry building"
"Pavillon de la barrière d'eau","Pavillon de la barrière d'eau"
"Paul Chemetov","Paul Chemetov"
"postmodern architecture","postmodern architecture"
"Residence Palace","Residence Palace"
"Europa building","Europa building"
"Michel Polak","Michel Polak"
"Art Deco architecture","Art Deco architecture"
"Vassmolösa","Vassmolösa"
"Kalmar Municipality","Kalmar Municipality"
"Vattnäs","Vattnäs"
"Mora Municipality","Mora Municipality"
"Skagersvik","Skagersvik"
"Gullspång Municipality","Gullspång Municipality"
"Oleby","Oleby"
"Torsby Municipality","Torsby Municipality"
"Stöllet","Stöllet"
"Runsten-Bjärby","Runsten-Bjärby"
"Borgholm Municipality","Borgholm Municipality"
"Rocca","Rocca"
"Vendelinus","Vendelinus"
"Porter","Porter"
"Pons","Pons"
"Poisson","Poisson"
"Eagle","Eagle"
"Louville","Louville"
"Littrow","Littrow"
"Joliot","Joliot"
"Brunner","Brunner"
"Taylor","Taylor"
"Strabo","Strabo"
"The Aucklander","The Aucklander"
"Hyatt Regency Auckland Residences","Hyatt Regency Auckland Residences"
"Scene One","Scene One"
"Federal Apartments","Federal Apartments"
"Kingsview Apartments","Kingsview Apartments"
"Hotel Grand Chancellor Auckland City","Hotel Grand Chancellor Auckland City"
"Shangri La","Shangri La"
"Tegucigalpa","Tegucigalpa"
"Perth","Perth"
"Sapporo","Sapporo"
"Quito","Quito"
"Tehran","Tehran"
"Melbourne","Melbourne"
"Algiers","Algiers"
"2000 Summer Olympics","2000 Summer Olympics"
"1996 Summer Olympics","1996 Summer Olympics"
"1992 Summer Olympics","1992 Summer Olympics"
"1988 Summer Olympics","1988 Summer Olympics"
"1984 Summer Olympics","1984 Summer Olympics"
"1980 Summer Olympics","1980 Summer Olympics"
"1976 Summer Olympics","1976 Summer Olympics"
"Cerro!Huarhurcocha","Cerro Huarhurcocha"
"Cerro Cuchdmia Punta","Cerro Cuchamia Punta"
"Cesro Andahuasi.","Cerro Andahuasi"
"Cerro Puludhe","Cerro Puluche"
"erro Cru Grande","Cerro Cruz Grande"
"Cesro Cariache Punta","Cerro Cariache Punta"
"Adam Wheelr","Adam Wheeler"
"Marion Wheele.","Marion Wheeler"
"Kainé (Nir).","Kainé (Nier)"
"Jerusalem War Cemetery","Jerusalem War Cemetery"
"Green Hill Cemetery","Green Hill Cemetery"
"Mill Road Cemetery","Mill Road Cemetery"
"Stanley Military Cemetery","Stanley Military Cemetery"
"Tverrelva power station","Tverrelva power station"
"Sagelva power station","Sagelva power station"
"Langvatn power station","Langvatn power station"
"Eidsfoss power station","Eidsfoss power station"
"Nagoya metropolitan area","Nagoya metropolitan area"
"Kagoshima metropolitan area","Kagoshima metropolitan area"
"Takamatsu metropolitan area","Takamatsu metropolitan area"
"Shizuoka metropolitan area","Shizuoka metropolitan area"
"Rneta","Oneta"
"Adres","Abres"
"Vlanova","Vilanova"
"Harlem Line","Harlem Line"
"Fukuhoku Yutaka Line","Fukuhoku Yutaka Line"
"İZBAN","İZBAN"
"Camden Line","Camden Line"
"Calumet","Calumet"
"Blue Ridge","Blue Ridge"
"Olympic Park Line","Olympic Park Line"
"Brás District","Brás District"
"Vila Prudente District","Vila Prudente District"
"Vila Matilde District","Vila Matilde District"
"Cottonwood Visitor Center","Cottonwood Visitor Center"
"Chapin Mesa Archeological Museum","Chapin Mesa Archeological Museum"
"Rainbow Forest Museum","Rainbow Forest Museum"
"Persimmon Gap Visitor Center","Persimmon Gap Visitor Center"
"Baba.","Baba"
"Kora","Korab"
"Yr ifl","Yr Eifl"
"Wacke","Wache"
"Utelzberg","Stelzberg"
"Sokoo.","Sokol"
"Knarrn","Knarren"
"Runddeln","Runddelen"
"Varefjfll","Vardefjell"
"Bukovc.","Bukovec"
"Lftschiff","Luftschiff"
"Lotterberh","Lotterberg"
"Daleim","Dalheim"
"Erpedange.","Erpeldange"
"Woreldange","Wormeldange"
"arocette","Larochette"
"Linten","Lintgen"
"Nommer","Nommern"
"Suva","Suva"
"Anstalt des öffentlichen Rechts","Anstalt des öffentlichen Rechts"
"Concordia","Concordia"
"association","association"
"Continentale","Continentale"
"mutual organization","mutual organization"
"Colonia","Colonia"
"Aktiengesellschaft","Aktiengesellschaft"
"Garantia","Garantia"
"insurance company","insurance company"
"DKV","DKV"
"Cologne","Cologne"
"Gerling","Gerling Group"
"China Life Insurance Company","China Life Insurance Company"
"Taipei","Taipei"
"De Centrale","De Centrale"
"The Hague","The Hague"
"HDI","HDI"
"Hanover","Hanover"
"Alka","Alka"
"Ballerup","Ballerup"
"Fidelidade","Fidelidade"
"Portugal","Portugal"
"NZI","NZI"
"New Zealand","New Zealand"
"Cigna","Cigna"
"Taiwan","Taiwan"
"Optima bank","Optima bank"
"Belgium","Belgium"
"Privilege","Privilege"
"United Kingdom","United Kingdom"
"Darwio","Darwin"
"Direct Line Group","Direct Line Group"
"Privilge","Privilege"
"SegurosBilbao","Seguros Bilbao"
"Catalana Occidente","Catalana Occidente"
"The Death of the Virgin","The Death of the Virgin"
"Virgin Mary","Virgin Mary"
"Life of the Virgin","Life of the Virgin"
"The Flight into Egypt","The Flight into Egypt"
"Jesus","Jesus"
"The Annunciation","The Annunciation"
"Annunciation","Annunciation"
"Saint Philip","Saint Philip"
"Philip the Apostle","Philip the Apostle"
"The Martyrdom of the Twelve Apostles","The Martyrdom of the Twelve Apostles"
"The Angel Appearing to Joachim","The Angel Appearing to Joachim"
"Joachim","Joachim"
"Christ appears to Mary Magdalene","Christ appears to Mary Magdalene"
"Mary Magdalene","Mary Magdalene"
"Little Passion","Little Passion"
"The Adoration of the Magi","The Adoration of the Magi"
"f Thgm That Synne Trustynge Vpon The Mercy Of Almyghty God","Of Them That Synne Trustynge Vpon The Mercy Of Almyghty God"
"Ship of Fools","Ship of Fools"
"Of Disordred And Vnerious Loue","Of Disordred And Venerious Loue"
"The Vnyueusall Shyp Of Craftysmen Or Laborers.","The Vnyuersall Shyp Of Craftysmen Or Laborers"
"Of Dispsers Of Holy Scripture.","Of Dispysers Of Holy Scripture"
"Of Vngoodly Maners, And Dysordrd","Of Vngoodly Maners, And Dysordred"
"Of Nat Folowers Of Good ounsel","Of Nat Folowers Of Good Counsel"
"Laurel Run","Laurel Run"
"Iraj","Iraj"
"Sungai Landak","Sungai Landak"
"Sugar Creek","Sugar Creek"
"Design for a Saknt Donatus.","Design for a Saint Donatus"
"Roermond","Roermond"
"Design for a Female Sint","Design for a Female Saint"
"Design for a SaintCatherine","Design for a Saint Catherine"
"Design for a Vkrgin Mary","Design for a Virgin Mary"
"Design for  female saint","Design for a female saint"
"Louise and her Father Johann Ludwig Visiting Alexisin Prison","Louise and her Father Johann Ludwig Visiting Alexis in Prison"
"Dutch State","Dutch State"
"copper67","copper-67"
"coprer-66","copper-66"
"opper-59","copper-59"
"copper-78","copper-78"
"copper-77","copper-77"
"copper-75","copper-75"
"copper-74","copper-74"
"copper-73","copper-73"
"copper-70","copper-70"
"Rose Tower","Rose Tower"
"Atlanta Marriott Marquis","Atlanta Marriott Marquis"
"Elm Place","Elm Place"
"Conrad Dubai","Conrad Dubai"
"Michelangelo Towers","Michelangelo Towers"
"Westin Harbour Castle Hotel","Westin Harbour Castle Hotel"
"Dorint Hotel Tower","Dorint Hotel Tower"
"Former "Alpenhotel Boedele"","Former "Alpenhotel Boedele""
"Hôtel Cap-Estel","Hôtel Cap-Estel"
"Oberberg 61","Oberberg 61"
"Mas de Chastelas","Mas de Chastelas"
"Hotel Weisshorn","Hotel Weisshorn"
"yttrium-103","yttrium-103"
"yttrium-101","yttrium-101"
"yttrium-100","yttrium-100"
"yttrium-99","yttrium-99"
"yttrium-97","yttrium-97"
"gallium-93","gallium-73"
"gallium-73","gallium-72"
"galliu-70","gallium-70"
"galium-66","gallium-66"
"gallium-6","gallium-65"
"gallum-64","gallium-64"
"galliup-63","gallium-63"
"selenium-70","selenium-70"
"selenium-69","selenium-69"
"selenium-68","selenium-68"
"selenium-67","selenium-67"
"senenium-85","selenium-85"
"bromine-85","bromine-85"
"slenium-94","selenium-84"
"bromine-84","bromine-84"
"selenium-86","selenium-83"
"bromine-83","bromine-83"
"selenium-73","selenium-72"
"arsenic-72","arsenic-72"
"Carbon County","Carbon County"
"Park County","Park County"
"Campbell County","Campbell County"
"Groenendaal","Groenendaal"
"Begraafplaats Orthen","Orthen Cemetery"
"'s-Hertogenbosch","'s-Hertogenbosch"
"Cemetery Kranenburg","Cemetery Kranenburg"
"Vorden","Vorden"
"Pariah","Pariah"
"DC Universe","DC Universe"
"Kell","Kell"
"Black Lantern Corps","Black Lantern Corps"
"Tom Cavanagh","Tom Cavanagh"
"Garth Ranzz","Garth Ranzz"
"Garth","Garth"
"Legion of Super-Heroes","Legion of Super-Heroes"
"Calum Worthy","Calum Worthy"
"He-Man","He-Man"
"Masters of the Universe universe","Masters of the Universe universe"
"Heroic Warriors","Heroic Warriors"
"Dolph Lundgren","Dolph Lundgren"
"Zinyak","Zinyak"
"antagonist","antagonist"
"Preedex Yoa","Preedex Yoa"
"Gorrath","Gorrath"
"main antagonist","main antagonist"
"Fatanity","Fatality"
"Jade","Jade"
"Misuer Mind","Mister Mind"
"Marvel Family","Marvel Family"
"Terax","Terrax"
"Silver Surfer","Silver Surfer"
"Tyr","Tyr"
"Timber Wolf","Timber Wolf"
"Scarlet Skie","Scarlet Skier"
"G'nort","G'nort"
"Viliax","Vilgax"
"Max Tennyson","Max Tennyson"
"Saint Walkfr","Saint Walker"
"Larfleeze","Larfleeze"
"Paris Gay Pride 2012","Paris Gay Pride 2012"
"Marche des fiertés en banlieue 2019 à Saint-Denis","Marche des fiertés en banlieue 2019 à Saint-Denis"
"Marche des Fiertés 2021 à Lyon","Marche des Fiertés 2021 à Lyon"
"Barton Swing Aqueduct","Barton Swing Aqueduct"
"Manchester Ship Canal","Manchester Ship Canal"
"Pont tournant de Combleux","Pont tournant de Combleux"
"Canal d'Orléans","Canal d'Orléans"
"Third Avenue Bridge","Third Avenue Bridge"
"Harlem River","Harlem River"
"Hisingsbron","Hisingsbron"
"Göta älv","Göta älv"
"Bahnhofsbrücke Warnemünde","Bahnhofsbrücke Warnemünde"
"Alter Strom","Alter Strom"
"Sundkil Bridge","Sundkil Bridge"
"Sundkilen","Sundkilen"
"Cherokee County","Cherokee County"
"South Carolina","South Carolina"
"Laurens County","Laurens County"
"Sumter County","Sumter County"
"Visby Apoteket 5","Visby Apoteket 5"
"Visby Apoteket 4","Visby Apoteket 4"
"Dagai, Buner","Dagai, Buner"
"Totalai","Totalai"
"Visby Kompaniet 6","Visby Kompaniet 6"
"Lübeck alley","Lübeck alley"
"Visby Muggen 2","Visby Muggen 2"
"Puketapapa Local Board","Puketapapa Local Board"
"Navahrudak Voblast","Navahrudak Voblast"
"Soviet Union","Soviet Union"
"Serra de São Mamede Natural Park","Serra de São Mamede Natural Park"
"DoubleTree by Hilton Hotel London - Victoria","DoubleTree by Hilton Hotel London - Victoria"
"Klosterkeller","Klosterkeller"
"Cơm Phở Việt","Cơm Phở Việt"
"Blue Gate","Blue Gate"
"Guard tower","Guard tower"
"Glas Hotel","Glas Hotel"
"Ptasi Ogród","Ptasi Ogród"
"Observation tower","Observation tower"
"Hilton Frankfurt City Centre","Hilton Frankfurt City Centre"
"Hilton Worldwide","Hilton Worldwide"
"Hilton Garden Inn Dublin Custom House","Hilton Garden Inn Dublin City Centre"
"Hilton Zurich Airport","Hilton Zurich Airport"
"Hilton Baku","Hilton Baku"
"Hilton Manchester Deansgate","Hilton Manchester Deansgate"
"Tempe Municipal Building","Tempe Municipal Building"
"Tempe","Tempe"
"John E. Jaqua Center for Student Athletes","John E. Jaqua Center for Student Athletes"
"University of Oregon","University of Oregon"
"Haus vun der Natur","Haus vun der Natur"
"Luxembourg","Luxembourg"
"Governor Oliver Ames Estate","Governor Oliver Ames Estate"
"The Trustees of Reservations","The Trustees of Reservations"
"Topielica","Topielica"
"Wkra-Basin","Wkra-Basin"
"Abounamy","Abounamy"
"Maroni basin","Maroni basin"
"Bełdany","Bełdany"
"Narew Basin","Narew Basin"
"Dugway Brook Watershed","Dugway Brook Watershed"
"Lake Erie drainage basin","Lake Erie drainage basin"
"Lake Czorsztyn","Lake Czorsztyn"
"Vistula basin","Vistula basin"
"hotel","hotel"
"R-116","R-116"
"military exercise","military exercise"
"Boulevard Boisson","Boulevard Boisson"
"Danube Boulevard in Plovdiv","Danube Boulevard in Plovdiv"
"Tsar Boris III – Obedinitel Boulevard","Tsar Boris III – Obedinitel Boulevard"
"boulevard Richard-Wallace","boulevard Richard-Wallace"
"zirconium-98","zirconium-97"
"zironium-95","zirconium-95"
"zrconium-93","zirconium-93"
"Vecforštate Old Believers' House of Prayer","Vecforštate Old Believers' House of Prayer"
"Old Believers","Old Believers"
"Latvia","Latvia"
"Old Believers Church of the Nativity of the Theotokos in Daugavpils","Old Believers Church of the Nativity of the Theotokos in Daugavpils"
"St. Nicholas Church","St. Nicholas Church"
"Ukraine","Ukraine"
"Old Believers church in Tiraspol","Old Believers church in Tiraspol"
"Russian Orthodox Old-Rite Church","Russian Orthodox Old-Rite Church"
"Moldova","Moldova"
"Church of Protection of the Holy Virgin in Minkavičy","Church of Protection of the Holy Virgin in Minkavičy"
"Belarus","Belarus"
"Stockholm Palace","Stockholm Palace"
"Communications Museum","Communications Museum"
"London Hotel","London Hotel"
"Villa Mairea","Villa Mairea"
"Design Museum","Design Museum"
"Yad Vashem","Yad Vashem"
"Wartburg","Wartburg"
"City Highway 178A","City Highway 178A"
"City Highway 178","City Highway 178"
"City Highway 172A","City Highway 172A"
"City Highway 165","City Highway 165"
"City Highway 172","City Highway 172"
"City Highway 172B","City Highway 172B"
"County Highway 159A","County Highway 159A"
"County Highway 159","County Highway 159"
"CXOU J162046.2-513006","CXOU J162046.2-513006"
"2MASS J07363415+6538548","2MASS J07363415+6538548"
"WRAY 15-793","WRAY 15-793"
"2MASS J18553040-0236167","2MASS J18553040-0236167"
"OGLE LMC130.4 19472","OGLE LMC130.4 19472"
"HD 249179","HD 249179"
"RX J0123.4-7321","RX J0123.4-7321"
"X SMC X-2","X SMC X-2"
"X Persei","X Persei"
"X LMC X-3","X LMC X-3"
"LMC X-1","LMC X-1"
"LIN 203","LIN 203"
"[SG2005] SMC 42","[SG2005] SMC 42"
"[SG2005] SMC 50","[SG2005] SMC 50"
"SXP 7.92","SXP 7.92"
"[SST2011] J124152.72+411631.7","[SST2011] J124152.72+411631.7"
"May","May"
"April","April"
"March","March"
"January","January"
"Typhoon Mindulle","Typhoon Mindulle"
"Tropical Storm Dianmu","Tropical Storm Dianmu"
"Typhoon Goni","Typhoon Goni"
"Typhoon Rai","Typhoon Rai"
"Hurricane Abby","Hurricane Abby (1960)"
"Tropical Storm Edouard","Tropical Storm Edouard"
"Tropical Storm Dolly","Tropical Storm Dolly"
"Tropical Storm Chris","Tropical Storm Chris"
"Tropical Storm Aletta","Tropical Storm Aletta"
"Hurricane Paul","Hurricane Paul"
"Mount Wrangell","Mount Wrangell"
"Mount Pico","Mount Pico smakulada"
"Mount Chiginagak","Mount Chiginagak"
"Ceotral Island","Central Island"
"ristap da Cunha","Tristan da Cunha"
"Nos Be","Nosy Be"
"Buckle Iland","Buckle Island"
"C. Plummer","Christopher Plummer"
"Christopher Plummer filmography","Christopher Plummer filmography"
"John Abbott","John Abbott"
"P. Kalyan","Pawan Kalyan"
"Pawan Kalyan filmography","Pawan Kalyan filmography"
"Allu Arjun","Allu Arjun"
"H. Roshan","Hrithik Roshan"
"Hrithik Roshan filmography","Hrithik Roshan filmography"
"Rajesh Roshan","Rajesh Roshan"
"Kajol","Kajol"
"Kajol filmography","Kajol filmography"
"Veeru Devgan","Veeru Devgan"
"Hyde","Hyde"
"O","O"
"Japanese","Japanese"
"Haruna Iikubo","Haruna Iikubo"
"Kyoko Fukada","Kyoko Fukada"
"Arthur Kuroda","Arthur Kuroda"
"English","English"
"Leslie Cheung","Leslie Cheung"
"Chinese","Chinese"
"Dwight D. Eisenhower","Dwight D. Eisenhower"
"E. E. Velkiers","Esther Elizabeth Velkiers"
"Baroque music","Baroque music"
"E. Kegel","Emanuel Kegel"
"E. Purcell","Edward Purcell"
"E. Finch","Edward Finch"
"D. D. Melgás","Diogo Dias Melgás"
"J. J. Vilsmayr","Johann Joseph Vilsmayr"
"J. Addams","Jane Addams"
"socialism","socialism"
"Eugène Janin","Eugène Janin"
"bachelor's degree","bachelor's degree"
"Gabriel Demante","Gabriel Demante"
"Leszek Konieczny","Leszek Konieczny"
"professor","professor"
"Snezhana Popova","Snezhana Popova"
"Hrant Yeritsyan","Hrant Yeritsyan"
"Barbara Gutkowska","Barbara Gutkowska"
"Pyotr Fedoseyev","Pyotr Fedoseyev"
"Novodevichy Cemetery","Novodevichy Cemetery"
"Communist Party of the Soviet Union","Communist Party of the Soviet Union"
"Category:20th-century philosophy","Category:20th-century philosophy"
"Evald Ilyenkov","Evald Ilyenkov"
"Leonid Fëdorovič Il'ičëv","Leonid Fëdorovič Il'ičëv"
"Kuntsevo Cemetery","Kuntsevo Cemetery"
"Julius Caesar","Julius Caesar"
"Temple of Caesar","Temple of Caesar"
"populares","populares"
"Late Roman Republic","Late Roman Republic"
"Theodore Roosevelt","Theodore Roosevelt"
"Youngs Memorial Cemetery","Youngs Memorial Cemetery"
"Republican Party","Republican Party"
"Progressive Era","Progressive Era"
"death of Linda Norgrove","death of Linda Norgrove"
"Korangal Valley","Korangal Valley"
"Death of Cleopatra","Death of Cleopatra"
"Alexandria","Alexandria"
"Mark Chua","Mark Chua"
"Manila","Manila"
"Umayyad Army","Umayyad Army"
"Umayyad Caliphate","Umayyad Caliphate"
"Army of the State of Los Altos","Army of the State of Los Altos"
"Federal Republic of Central America","Federal Republic of Central America"
"Technology and Maintenance Corps","Technology and Maintenance Corps"
"Israel","Israel"
"Sahrawi people's Liberation Army","Sahrawi people's Liberation Army"
"Sahrawi Arab Democratic Republic","Sahrawi Arab Democratic Republic"
"Libyan National Army","Libyan National Army"
"Libya","Libya"
"Abbatis Wall Guard","Abbatis Wall Guard"
"Russian Empire","Russian Empire"
"SOCADEF","SOCADEF"
"Cameroon","Cameroon"
"Mount Makihata","Mount Makihata"
"Middle Triassic","Middle Triassic"
"Schlicker Seespitze","Schlicker Seespitze"
"Norian","Norian"
"Saile","Saile"
"Kuhljochspitze","Kuhljochspitze"
"Riepenwand","Riepenwand"
"Marchreisenspitze","Marchreisenspitze"
"Pico Central de la Cascada","Pico Central de la Cascada"
"Selandian","Selandian"
"Mount Rebun","Mount Rebun"
"Early Cretaceous","Early Cretaceous"
"Truc du Midi","Truc du Midi"
"Middle Jurassic","Middle Jurassic"
"Mont Bayard","Mont Bayard"
"Crêt de Chalam","Crêt de Chalam"
"Crêt à la Dame","Crêt à la Dame"
"Late Jurassic","Late Jurassic"
"Crêt de l'Auger","Crêt de l'Auger"
"Le Reculet","Le Reculet"
"Kimmeridgian","Kimmeridgian"
"Le Soliat","Le Soliat"
"Grand Crêt","Grand Crêt"
"Colomby de Gex","Colomby de Gex"
"Le Chasseron","Le Chasseron"
"Stormberg Mountains","Stormberg Mountains"
"Neoarchean","Neoarchean"
"Boumort","Boumort"
"El Castellar","El Castellar"
"Eldhraun","Eldhraun"
"Hricovec","Hricovec"
"Hughes Mountain","Hughes Mountain"
"Jankov vŕšok","Jankov vŕšok"
"Vápeč","Vápeč"
"Mount Sniktau","Mount Sniktau"
"Edwin Howard Norton Patterson","Edwin Howard Norton Patterson"
"Mount Flemer","Mount Flemer"
"John Adolph Flemer","John Adolph Flemer"
"Gislifluh","Gislifluh"
"Gisela","Gisela"
"Adlisberg","Adlisberg"
"Adalo","Adalo"
"Barnum Peak","Barnum Peak"
"J. D. Barnum","J. D. Barnum"
"Mount Cairnes","Mount Cairnes"
"DeLorme Donaldson Cairnes","DeLorme Donaldson Cairnes"
"Jelgafell","Helgafell"
"Iceland","Iceland"
"Nordic Volcanological Center","Nordic Volcanological Center"
"Tungurahua voncano","Tungurahua volcano"
"Ecuador","Ecuador"
"Instituto Geofísico de la Escuela Politécnica Nacional","Instituto Geofísico de la Escuela Politécnica Nacional"
"Kodutka","Khodutka"
"Russia","Russia"
"Institute of Volcanology and Seismology","Institute of Volcanology and Seismology"
"amehen","Gamchen"
"Yoyampplsky","Voyampolsky"
"Sinjajevina","Sinjajevina"
"sedimentary rock","sedimentary rock"
"Bessillon","Bessillon"
"Beljanica","Beljanica"
"limestone","limestone"
"Mont Myon","Mont Myon"
"Massif de l'Étoile","Massif de l'Étoile"
"Arenal Volcano","Arenal Volcano"
"andesite","andesite"
"Aavasaksa","Aavasaksa"
"pluton","pluton"
